delete from Calorie_Intake;
delete from Exercise;
delete from Diet_Plan;
delete from Exercise_Plan;
delete from Trainer;
delete from Dietician;
delete from Trainee;
delete from Users;

INSERT INTO Users (user_id, name, email, password, age, gender, user_role) VALUES 
(1, 'Katherine Walker', 'susan59@example.net', '$2b$12$AgQk7FCBBkLjQssTTYyoTuZeWdps71ZpeV1uNLy.FQRvCM0hQTZvW', 62, 'other', 'trainer') ,
(2, 'Cynthia Shannon', 'gonzalezmariah@example.net', '$2b$12$MvkuBA62kkFe3W/2GzZ5XOS8ideYouaR82NGuFKfJboCK3huzgNVO', 59, 'male', 'trainee') ,
(3, 'Donald Dalton', 'turnerbrittany@example.com', '$2b$12$aPabJP34OjOgCBXvIUbrce7TRqzae4xA8eENRGd8c3h02ju/vFyCC', 21, 'male', 'trainee') ,
(4, 'Sierra Dominguez', 'darrylrogers@example.org', '$2b$12$46OmLDKsTDNq0bZ94lRMqO34f8FB1Ipy7O.jNYHD45O1G77k3ZFQO', 61, 'other', 'trainer') ,
(5, 'Scott Diaz', 'lambertlaura@example.com', '$2b$12$noO4ayEzgOZgRsEBtrSS0OUjAmoHh8J2jwCBDEBK1Ao.bfoTdZImi', 25, 'male', 'trainee') ,
(6, 'Julie Benson', 'greenmackenzie@example.org', '$2b$12$yWnGkTBSt9cA/lBM9lhN2ed7.9EGPw/IpSPZ.qbcKFtGyPcs2AAdi', 45, 'other', 'trainer') ,
(7, 'Debra Johnson', 'lcharles@example.com', '$2b$12$EQduuhssD4HnOXZD3SUc..nlpDcdSBjyIsnMLADOk5plSG5qFJX1q', 32, 'male', 'trainer') ,
(8, 'Rachel Pugh', 'mooredavid@example.com', '$2b$12$UxZtgZ86Jp5SzCY.Svq7vu9gODW4ptDYIw2isPtcwl3.veV5NZIa.', 20, 'female', 'trainer') ,
(9, 'Patrick Lee', 'daniellefisher@example.com', '$2b$12$XrhvC0WBJDsdMGeGO7KvIOYB9JcSQPZqY0SQQZVKTlvyRX1.9fcKC', 30, 'female', 'trainee') ,
(10, 'Nicole Peterson MD', 'wmartin@example.net', '$2b$12$mO5IOEcq3OwM7Rjq12gYquN8DZexanU/VyE4XR04y6oem3FLGzcWy', 47, 'male', 'trainee') ,
(11, 'Miss Ebony Johnson', 'jacqueline11@example.org', '$2b$12$ASKhEx.q.NbjsnvjekCJLeTAos9MksPfaId2Ka.KSbiovK5zeH7gS', 49, 'male', 'trainee') ,
(12, 'Lori Mcdonald', 'cjoyce@example.net', '$2b$12$XYQT1Z4DxKwdL5kbQzZGduNUvXjNE.4WRqMx5CCAhd8HCr4Uanzpi', 65, 'other', 'trainee') ,
(13, 'Angela Richard', 'adam10@example.net', '$2b$12$S07vvxcdyLRUGX.6Mc/xPuMWR3Q8CM/JXDjozf6jCSwSd.a2ybS0q', 18, 'male', 'trainee') ,
(14, 'Mary Davis', 'welchjared@example.net', '$2b$12$BlbSdYpzblqYQoqwAOnI6eBdgUPK0Jld5PG1t6DSKEmesmC7pujva', 34, 'other', 'trainer') ,
(15, 'Michelle Johnson', 'mmorales@example.net', '$2b$12$6pXifiWdN1kGRDdSliYovOl7FVYcUZuK8/QILXz2HMNNqDcaUTwc6', 36, 'other', 'trainer') ,
(16, 'Charles Wallace', 'kathy77@example.com', '$2b$12$RTRvJ4q1G8PceYHBOH8EiOcLgpvEh1ILsn7eSbDckxT4tbM5wts7u', 65, 'other', 'trainer') ,
(17, 'Caitlin Dawson', 'mayjennifer@example.com', '$2b$12$ZKs7ZgTtn310MxYZuuQQveMY.qrvaOBDctWg8L.kTgLNFGzSdqmI6', 46, 'female', 'dietician') ,
(18, 'Alexis Parker', 'robertwilliamson@example.com', '$2b$12$P.t/LfLajOzlcx4/drGhAurw0wloXYNs98ZXQ92EAWiZbczCGidF6', 18, 'other', 'trainee') ,
(19, 'Justin Rogers', 'michelle36@example.org', '$2b$12$4ZLZCQKzRKJR1RZllSj76.0WXCt5ko/VrLNOFxk3BU1/xtVkqt6mC', 50, 'other', 'trainer') ,
(20, 'John Woodward', 'craigharrison@example.com', '$2b$12$umzHuD3Uz4wkR6tbIv6NC.C7IXKPb0O/G6Zm.lHAyrwL7ti8toe4K', 49, 'other', 'dietician') ,
(21, 'Jill Sanchez', 'jenkinsjohnny@example.org', '$2b$12$mgy7XDFP9DIQ10/FjCuRveUjbCToOO4dWXlaSGx.InaeaokJq9E6S', 50, 'female', 'trainee') ,
(22, 'Kimberly Burke', 'pclay@example.org', '$2b$12$jb3Omwq98xHDF6GdKifFBOFvg2uzymXD.3d2FwX2sKldElBX/loeO', 54, 'male', 'dietician') ,
(23, 'Kristi Taylor', 'ievans@example.org', '$2b$12$lGlXYojmISxU1GkFrOfJ0u7PWPltrQLiyMbFgscHwIf4O3eVd9jXq', 51, 'male', 'trainee') ,
(24, 'William Hernandez', 'carrollthomas@example.org', '$2b$12$9LcKQ0kq20.Y3x34L/rqUuWkoIWvTUOLzArzx.I1gcl.UJGXcrSqG', 46, 'other', 'trainer') ,
(25, 'David Jones', 'stephanie72@example.org', '$2b$12$wSlBup7m3RCH17F1kRttfOY.acJIeyriO3R2CoC0qZ4gYeWq0mEai', 56, 'other', 'trainee') ,
(26, 'Jessica Hurst', 'lecameron@example.org', '$2b$12$Hfj1vspjjwdhYJstciSeHuwPD12nv7bLz//sMNyLzN9VWV8ZoFqQC', 36, 'other', 'trainer') ,
(27, 'Adam Bowers', 'ashley26@example.net', '$2b$12$WWd/CFGl40tk7EbEwPdZVejguhlNc5rwXCpwGHTW6PWbu0oFB7mzy', 29, 'other', 'dietician') ,
(28, 'Alexis Baxter', 'michael14@example.org', '$2b$12$B3ClVivoNfWRH/4T0VUH3e2jUnYRUw5sk5KM8MQrfii3glIriCsSO', 57, 'male', 'trainee') ,
(29, 'Martin Moore', 'christinadiaz@example.org', '$2b$12$PB.uuj22orWGJbXf1AcKWOB0qT0FuiLLVRLWKnPfttKx5WAJ8rg6y', 40, 'other', 'dietician') ,
(30, 'Steven Parsons', 'amyhurst@example.com', '$2b$12$VSuVCyyZ4swsBeKNNsh4S.5.mcCfxojUEuwsezq1mB3Wel.XgHwh2', 19, 'other', 'trainee') ,
(31, 'Cheryl Castaneda', 'ryanbreanna@example.org', '$2b$12$uXkOV2xwuelZQoXaOto0KOb3qtn0Ds4lS3ObvZ3DhpoDWK0TlG/n2', 64, 'male', 'dietician') ,
(32, 'Matthew Roberts', 'amanda83@example.com', '$2b$12$OlDIgvjQ..OP6s/dX0.cduj.NM9epo0Y/DrTyuHB/JfK3WZMKt/8q', 18, 'male', 'trainee') ,
(33, 'Felicia Ray', 'justinmcbride@example.com', '$2b$12$ekC8Kt9BSvHVpcVrfH.loOuRSTPHlZd65ZO7rhEvjp4sHcxrtJZfC', 45, 'female', 'trainee') ,
(34, 'Mark Warren', 'parkerbrian@example.com', '$2b$12$ROW6mhOjZXbrATLzVKJ/EupvbP.OyNlUl7pWMivmJSEgwsUKhkPPm', 58, 'female', 'dietician') ,
(35, 'Ms. Judith Robbins', 'erinparker@example.org', '$2b$12$/A5aMCQ/5GQ7Ez2KzzeKzOd/aEwBIhN10FFGDCCwYS6877c6ilfki', 60, 'male', 'trainee') ,
(36, 'Gina Ramos', 'floresrebecca@example.net', '$2b$12$6XX5Uq90uP.r7UmZ.eJY0e5hAcQ65d.d8WHDqSCpl2t3DgWJiN2T2', 41, 'other', 'trainee') ,
(37, 'Kendra Cook', 'pattonpaula@example.net', '$2b$12$5pzyQ.Di6fYDSf0OR3lZrObkPTiLNwjv7QyI9AEATQicgpwJqjV4y', 19, 'male', 'dietician') ,
(38, 'Daniel Jones', 'ernest36@example.org', '$2b$12$83AzJ5OlXq3QSrkPn.jjZuITbzLcmR5cprLwXtwZczqeudxox90n.', 33, 'other', 'dietician') ,
(39, 'Jaime Aguilar', 'ysparks@example.net', '$2b$12$2c.FKnq13YxeU12HQFcKQOx7hPJnGjj3QgsJUFSGmoKBq6X.htF2O', 41, 'female', 'trainee') ,
(40, 'Alexander Garner', 'ann56@example.com', '$2b$12$11i8co1QxKQ..TngBYdUrubzCEf3IEQ5YcUGO6kBywg/tiURh9VMG', 37, 'female', 'trainer') ,
(41, 'Mary Hogan', 'jeffdean@example.net', '$2b$12$gnwVMsLB4jm7u9cRkQeY4uJ5C36ADhxN49mA87Yn7c0a5/2Wc6Nsa', 63, 'other', 'trainer') ,
(42, 'Timothy Carrillo', 'lesliebauer@example.org', '$2b$12$5nnZ8rRam4Ob1A7sJn2eZur9n8pwGjf/aV5UE4oZWq4VRikS4/sQq', 41, 'male', 'trainee') ,
(43, 'Aaron Merritt', 'lharrison@example.org', '$2b$12$OTfSQ3ZJnZUpKOOB4ygbWOk2szIua3JAMhwa2AjA7EGLXoNXW/4ky', 52, 'other', 'trainee') ,
(44, 'Amanda Powell', 'dsheppard@example.net', '$2b$12$v0915NDw1Z/QFSLC4s28XOLgltwjlD9xZoc2UqyRYOJ35povvi1Ze', 54, 'female', 'trainer') ,
(45, 'Angela Gardner', 'rileymary@example.net', '$2b$12$zL4Tja7AUUAFvxYhoXtX..QCfO3GLKRi/FtvY5w0hJ9qUOaRl1BqG', 37, 'other', 'trainer') ,
(46, 'Michelle Elliott', 'teresa58@example.net', '$2b$12$wHXfeggP7Xe.o3Y.zS.jg.Z7n7qkuSGJIIJ47lvGoPElvaRM9526O', 19, 'female', 'trainer') ,
(47, 'Natalie Holt', 'daniel22@example.com', '$2b$12$t/kk978DlDCgyimqem3aj.gdmxy5jrM9h4.nSlfYOUdCnDhp2UJd6', 46, 'female', 'trainee') ,
(48, 'Justin Smith', 'mphelps@example.org', '$2b$12$6G1YAuXuo4a1iOgpLWEwte67CInYff7u92WeAHcW8M.954M2iL/dq', 28, 'other', 'trainer') ,
(49, 'Laura Perry', 'hhunt@example.org', '$2b$12$oyeYMdigepE8Y2nCfn6RCOzDPTbtPBYEPcJQTIYSIsUlzWHFwVjwq', 37, 'other', 'trainee') ,
(50, 'Michelle Crawford', 'ujohnson@example.com', '$2b$12$SlDtqehdcmwvVGCgx9xpbOhixzKmr3zVqrirNvD4ZkqsPvtOEAdVC', 22, 'other', 'trainee') ,
(51, 'Tina Jones', 'jasonwright@example.org', '$2b$12$d2Xh2Ch.JfK3cFIyjmPjYeye6xXoK6I.zGV82z8o6sVc4oFB97qdy', 18, 'female', 'trainee') ,
(52, 'Bryan Huang', 'jonathanmarshall@example.org', '$2b$12$Wnui6WxNWcjh6jNbhQMX1OHGWrTNy42UWU0SseJd6siWq0HyNeudS', 42, 'male', 'trainer') ,
(53, 'Megan Kelley', 'reillyshane@example.org', '$2b$12$HZiWgGkxQXE7rOX0k5JIeewuCwtMhyk7Yz9hsesgpB7tq9SOJvMUu', 19, 'other', 'dietician') ,
(54, 'Anthony Smith', 'paul05@example.org', '$2b$12$FpmBvxdjAkGIh/U.BgGZPOhUd680tfbwpng5HkJz9BRk/zetZYlUS', 55, 'female', 'dietician') ,
(55, 'Peter Byrd', 'natashanichols@example.com', '$2b$12$mTCVMs7BjPmfvs1hwm0ZPu40S.VMGsN8fwJmD5Lm3PplyfbnAQayy', 25, 'female', 'trainer') ,
(56, 'Danielle Suarez', 'brett56@example.com', '$2b$12$nHpwtJQklZXpcnIV30rE8ubhD.MLcLZvLM4X9gxew.WuZRYo05KB.', 54, 'female', 'trainer') ,
(57, 'John Bridges MD', 'scottparker@example.net', '$2b$12$cr6a2I9BRPEdxFsYt3iyEuCbe4UCM5542pKjoTlAYqeRGiIaRPAU6', 35, 'female', 'trainer') ,
(58, 'Darius Thomas', 'ywillis@example.net', '$2b$12$sjQQo85b11w0Iz9m4LXI7OWxElKQDQkay2BXGI74cVC2MjH3QinNC', 43, 'female', 'trainer') ,
(59, 'Elizabeth Ochoa', 'clintoncurry@example.net', '$2b$12$Odm9vOIZdHk6VCmr1VQsB.LTlBfB6gWBsCMFK.llDXOzpBvWGxBOq', 33, 'female', 'trainer') ,
(60, 'Michael George', 'debrarussell@example.com', '$2b$12$J8mEHjmGSZeV80qI9HOCjeNgXh1ApON7kbdBkOFojDeBLQG0UPnpC', 57, 'female', 'trainee') ,
(61, 'Megan Beltran', 'brandonsmith@example.org', '$2b$12$yDQhCUKxanPV47BA/jaQtePWZvy9VTvbfvw/Yos1zhFqnPLF7n5pG', 30, 'female', 'trainee') ,
(62, 'Christina Ware', 'zspencer@example.com', '$2b$12$6yLlMvpDf42myMN5Mr.c/e.SfMaf78iimoR46NEO2GZ8eKbXwYWHa', 35, 'other', 'dietician') ,
(63, 'Sandy Moore', 'lesliedowns@example.com', '$2b$12$gU0kXvefupXh.JQEZ7Q1.ur455CXR4zXMREFIXuqR0lF3NMeEt0pK', 35, 'male', 'trainee') ,
(64, 'Brent Mosley', 'ydavis@example.com', '$2b$12$UdoFokvHSuA17d1xsDVMe.X/M8qtF1sK2njxJoXEIjJLGMQYTNEj.', 20, 'male', 'trainee') ,
(65, 'Mark Jones', 'meganmann@example.com', '$2b$12$F4YqaMw7dH3MxkaYY4hsrOYNelnrq62bDdS2CtoimK3xhcHGscoWK', 65, 'other', 'trainee') ,
(66, 'Raymond Palmer', 'daniel48@example.org', '$2b$12$CU6IAdouyOzIoHcu2QJ9EOo0cpXSRLu4f8fKL6xn1svDlkuj4bL0e', 19, 'female', 'trainee') ,
(67, 'April Burton', 'anthonycoleman@example.com', '$2b$12$y5XxIv9uUTBeyT7M9jZgwuO2D4pQ2UgNcEWnrrE7sJq/fDHN1oNaa', 39, 'other', 'dietician') ,
(68, 'Daniel Williams', 'rking@example.com', '$2b$12$5DnoKd25L1j/ABiG5A4wh.uAbN6Z7auFsj3fMWRXr0nJM41zHebH6', 25, 'female', 'trainer') ,
(69, 'David Love', 'jody17@example.com', '$2b$12$goepjU1YaDweFcQShthYrO923focJE6ECV3U8bEM21JcRSrDwwleC', 61, 'other', 'trainer') ,
(70, 'Deanna Norris', 'tammy61@example.com', '$2b$12$QaRqCUW117/0o4Mrc7T4Ee5c3aCp3/BZw64dYUMRpWSKyugp4jjZO', 50, 'female', 'trainee') ,
(71, 'Jonathon Werner', 'jane63@example.com', '$2b$12$Eqty6sex7RbcdqsLW64HxumsYHQSi4HNOhhCeWuvfP4fRNQwo4NX6', 41, 'male', 'dietician') ,
(72, 'Cathy Mcintosh', 'johnmccoy@example.com', '$2b$12$Jc7BbISgFUOONCYxcbbdqewdlKJ9fnJECLfxus/d9atCOSn.lMKhC', 55, 'female', 'trainer') ,
(73, 'Donna Cole', 'yjones@example.net', '$2b$12$UVgw1pDaS/MXiOsnBBEKHe7MNiA/Z69y71qOk3DeAU7t5sqfTtsEy', 24, 'female', 'trainer') ,
(74, 'Cameron Williams', 'jonathanwest@example.com', '$2b$12$in4VpDBRJGRDGdxEiHSse.71UeiMKa4KTs1YN3LKO0R2/VQxTUfW2', 60, 'female', 'trainee') ,
(75, 'Matthew Salazar', 'cochranchristian@example.org', '$2b$12$WsGwqpDVcv4nifU9GHEvpOx54SGNOBtAqMPR4LWu8tJLkoC0FBeNu', 19, 'female', 'trainer') ,
(76, 'Lance Mendoza', 'thamilton@example.org', '$2b$12$q8D0HWKbnZFXKQtKJHmebu1dB2Ak4914QOym2Tsx2LvRGjaFpeXWy', 58, 'male', 'trainer') ,
(77, 'Brittany Cooper', 'rgamble@example.com', '$2b$12$OM5A2Zswh2re0TAq9pO7XOPZ81iED1JhX6qEUTqXgeQHQ3mIWQvUe', 46, 'other', 'dietician') ,
(78, 'Kevin Lamb', 'fernandezedwin@example.net', '$2b$12$ERY2wh8yrWV7RFDZfX.T6O4kxIGlLNl7r6GFRAhHAHV0BmWpKdOaq', 18, 'female', 'trainee') ,
(79, 'William Campbell', 'iramos@example.org', '$2b$12$TJd1Hfyjb1vc5.FxpTfci.sKeKSuvinupttnyZnWu5xWx9LDMVLAq', 65, 'male', 'trainee') ,
(80, 'Michelle Hernandez', 'isimmons@example.org', '$2b$12$UR5k8X1LmGjuP5zlQ3xpQuOxKmb085/j.jqtPbtUslFgIrp7stviO', 45, 'female', 'dietician') ,
(81, 'Nicolas Steele', 'ljennings@example.net', '$2b$12$Yi8Pzfc2/G7lhA5uOvB1EulILuuHCxlsXwFVCZllS4z0MdKgqB7XO', 32, 'male', 'trainee') ,
(82, 'Robert Harris', 'abrown@example.org', '$2b$12$gDAVVuyrijoL2UPa9mE9Ae2iQse66qLDGfsa6DfOzf15prEZ.sTja', 28, 'other', 'trainer') ,
(83, 'Angela Cruz', 'anthony46@example.org', '$2b$12$7Iw449zJ1jAsrHCcnvaShu5L4nWHBVygrzLecusbL0VqYngQ4aOiK', 62, 'other', 'dietician') ,
(84, 'Hunter Buck', 'qbaker@example.org', '$2b$12$h1Ag79rploTehw1bndatEuz8e3Pbyy9i0yPs/CB8m.XRimgd6ys3u', 18, 'female', 'dietician') ,
(85, 'John Maldonado', 'sandrablankenship@example.net', '$2b$12$SpGH/jw8uVkpD1gr63srou0fIRJQCkQ2jGrvFAx6Y760FzqBnSbha', 33, 'male', 'dietician') ,
(86, 'Sharon Wolfe', 'robert45@example.com', '$2b$12$RTpmOxayNMHndnx9LbBH9ennTNl/6Cq6mDRajZ8s3zE0AhBBRFQqW', 39, 'other', 'trainee') ,
(87, 'Kevin West', 'caitlinthomas@example.org', '$2b$12$xwWzLyYSLxOjrDeqfgIYhuQ3KTndg/WO3C/nvO.QuTJBmKcrx0FyO', 28, 'female', 'trainer') ,
(88, 'Matthew Hawkins', 'nmcbride@example.org', '$2b$12$ByUAKwSpaaM8FZHAp0V28O4UzjWNkoNirtQnk/brJWz/q4HMkvYwK', 28, 'male', 'dietician') ,
(89, 'Michael Riley', 'jonathan11@example.com', '$2b$12$Jpgn0263RsfUDa5Tugfw3e/EgATg2OENi5cpi1ijf/pRBy7cYx2Lq', 27, 'female', 'dietician') ,
(90, 'Brandon Price', 'abbottnichole@example.net', '$2b$12$DJSke5YwSDLyLJV/2t79hOYKq4TDyaHHrHd7SnQskIfuHBYULMN9y', 64, 'female', 'trainer') ,
(91, 'Robyn Hoffman', 'jduffy@example.org', '$2b$12$EkTwBDBgfLsORwA79/kSOeSS4k8Vjr12EsR12uSynvummFewSZWda', 23, 'other', 'dietician') ,
(92, 'Bailey Johnson', 'tracey24@example.org', '$2b$12$l35CUC52ZLaeRyA6QbB7F.bu2oMip2wpSTBIick0Ml6VfY2Ofbmz.', 37, 'female', 'trainee') ,
(93, 'Lisa House', 'fcox@example.net', '$2b$12$3pR7NnJ5CubQPKX9NItIt.72EJwyCLLYAfYUdgc/TasKlSEBZ0TIC', 26, 'male', 'trainee') ,
(94, 'Stacy Sheppard', 'christopher86@example.com', '$2b$12$BLqcpIzcrOaWsQZESOPzKOwDZ5UCln0Qy7oVvF2nhP2UrmmGI2jie', 38, 'female', 'dietician') ,
(95, 'Anthony Barrett', 'lauren68@example.org', '$2b$12$3RN643CooZ9UmJPOp2HPkeujvOfiGIoBrKtMJbF/ctKdT/yQHIMRy', 18, 'female', 'dietician') ,
(96, 'Dana Simpson', 'camachoandrew@example.net', '$2b$12$mg3Rf1RXeATOzEP3IgEiP.2uN8KGIIetwzQYYqE4AiOJBsp1R94OO', 57, 'other', 'dietician') ,
(97, 'Jeffrey Hall', 'davenportalyssa@example.net', '$2b$12$s8GLTBkibf4thXVCQ1nsn.83homLAGhffZV1B9M1th6WoKgBprv42', 61, 'male', 'dietician') ,
(98, 'Melissa Ali', 'royjohnston@example.org', '$2b$12$RpIDTgDsJCgQMaoFCMrYhOZdu4wWX41uSsSgazFCjJqix6mrzYg6O', 64, 'male', 'dietician') ,
(99, 'Daniel Johnson', 'lisa52@example.com', '$2b$12$2hwD9QIMrS09VPSAYcjUhO2slsTD7Y5B6kIhNeh0LVVBXtERKqW7C', 38, 'female', 'trainer') ;

INSERT INTO Trainee (trainee_id, activity_level, height, weight, goal) VALUES 
(2, 4, 2.14, 40.7, 'build muscle') ,
(3, 4, 1.48, 71.2, 'maintain weight') ,
(5, 4, 1.93, 123.3, 'maintain weight') ,
(9, 2, 1.86, 84.4, 'gain weight') ,
(10, 4, 1.78, 63.9, 'maintain weight') ,
(11, 5, 1.79, 53.8, 'maintain weight') ,
(12, 4, 2.11, 117.6, 'maintain weight') ,
(13, 3, 1.64, 116.6, 'build muscle') ,
(18, 3, 2.08, 45.7, 'build muscle') ,
(21, 2, 1.63, 129.9, 'build muscle') ,
(23, 4, 1.57, 51.4, 'maintain weight') ,
(25, 4, 2.01, 110.9, 'build muscle') ,
(28, 2, 1.81, 110.3, 'gain weight') ,
(30, 5, 1.41, 46.8, 'gain weight') ,
(32, 3, 1.7, 122.2, 'lose weight') ,
(33, 5, 1.8, 93.0, 'maintain weight') ,
(35, 3, 2.16, 111.0, 'lose weight') ,
(36, 5, 1.97, 107.4, 'maintain weight') ,
(39, 3, 2.03, 121.4, 'build muscle') ,
(42, 1, 1.95, 122.5, 'lose weight') ,
(43, 2, 1.64, 83.8, 'lose weight') ,
(47, 1, 1.65, 41.9, 'maintain weight') ,
(49, 3, 1.88, 120.8, 'build muscle') ,
(50, 2, 1.56, 50.0, 'gain weight') ,
(51, 3, 2.0, 52.8, 'build muscle') ,
(60, 3, 1.51, 60.6, 'gain weight') ,
(61, 1, 1.89, 59.4, 'maintain weight') ,
(63, 2, 1.92, 50.8, 'build muscle') ,
(64, 1, 1.93, 77.9, 'maintain weight') ,
(65, 3, 1.96, 124.1, 'build muscle') ,
(66, 2, 1.81, 77.6, 'lose weight') ,
(70, 5, 1.47, 58.0, 'maintain weight') ,
(74, 1, 1.98, 56.3, 'gain weight') ,
(78, 1, 1.99, 86.0, 'build muscle') ,
(79, 2, 1.54, 74.3, 'maintain weight') ,
(81, 5, 1.63, 48.4, 'lose weight') ,
(86, 1, 1.46, 100.3, 'gain weight') ,
(92, 4, 1.72, 96.1, 'lose weight') ,
(93, 3, 1.98, 118.4, 'lose weight') ;

INSERT INTO Trainer (trainer_id, trainee_id) VALUES 
(4, 2) ,
(26, 3) ,
(14, 5) ,
(69, 9) ,
(82, 10) ,
(58, 11) ,
(56, 12) ,
(90, 13) ,
(72, 18) ,
(48, 21) ,
(24, 23) ,
(19, 25) ,
(41, 28) ,
(58, 30) ,
(87, 32) ,
(59, 33) ,
(82, 35) ,
(59, 36) ,
(69, 39) ,
(48, 42) ,
(19, 43) ,
(40, 47) ,
(90, 49) ,
(69, 50) ,
(7, 51) ,
(57, 60) ,
(4, 61) ,
(75, 63) ,
(55, 64) ,
(4, 65) ,
(72, 66) ,
(57, 70) ,
(14, 74) ,
(8, 78) ,
(40, 79) ,
(14, 81) ,
(45, 86) ,
(76, 92) ,
(45, 93) ;

INSERT INTO Dietician (dietician_id, trainee_id) VALUES 
(34, 2) ,
(94, 3) ,
(31, 5) ,
(67, 9) ,
(17, 10) ,
(38, 11) ,
(77, 12) ,
(91, 13) ,
(20, 18) ,
(96, 21) ,
(97, 23) ,
(97, 25) ,
(62, 28) ,
(96, 30) ,
(95, 32) ,
(97, 33) ,
(22, 35) ,
(22, 36) ,
(89, 39) ,
(84, 42) ,
(80, 43) ,
(77, 47) ,
(71, 49) ,
(22, 50) ,
(97, 51) ,
(71, 60) ,
(29, 61) ,
(31, 63) ,
(53, 64) ,
(83, 65) ,
(80, 66) ,
(88, 70) ,
(94, 74) ,
(71, 78) ,
(20, 79) ,
(34, 81) ,
(89, 86) ,
(31, 92) ,
(67, 93) ;

INSERT INTO Calorie_Intake (intake_id, trainee_id, date, meal_type, calories) VALUES 
(1, 93, '2023-04-24', 'breakfast', 109) ,
(2, 86, '2023-04-24', 'lunch', 874) ,
(3, 81, '2023-04-24', 'lunch', 860) ,
(4, 61, '2023-04-25', 'lunch', 170) ,
(5, 36, '2023-04-27', 'lunch', 300) ,
(6, 49, '2023-04-24', 'snack', 659) ,
(7, 33, '2023-04-30', 'lunch', 962) ,
(8, 23, '2023-04-27', 'dinner', 131) ,
(9, 47, '2023-04-25', 'snack', 634) ,
(10, 10, '2023-04-29', 'lunch', 900) ,
(11, 33, '2023-04-27', 'snack', 765) ,
(12, 28, '2023-04-30', 'snack', 450) ,
(13, 18, '2023-04-29', 'lunch', 598) ,
(14, 70, '2023-04-28', 'snack', 993) ,
(15, 32, '2023-04-26', 'dinner', 851) ,
(16, 12, '2023-04-29', 'dinner', 942) ,
(17, 39, '2023-04-24', 'breakfast', 712) ,
(18, 11, '2023-04-25', 'lunch', 783) ,
(19, 28, '2023-04-26', 'lunch', 241) ,
(20, 5, '2023-04-24', 'breakfast', 437) ,
(21, 49, '2023-04-26', 'breakfast', 844) ,
(22, 13, '2023-04-29', 'dinner', 404) ,
(23, 51, '2023-04-29', 'dinner', 380) ,
(24, 64, '2023-04-28', 'dinner', 701) ,
(25, 35, '2023-04-28', 'snack', 966) ,
(26, 5, '2023-04-30', 'lunch', 358) ,
(27, 30, '2023-04-25', 'breakfast', 776) ,
(28, 60, '2023-04-27', 'breakfast', 414) ,
(29, 21, '2023-04-25', 'lunch', 142) ,
(30, 92, '2023-04-30', 'snack', 180) ,
(31, 18, '2023-04-29', 'breakfast', 531) ,
(32, 28, '2023-04-28', 'breakfast', 968) ,
(33, 25, '2023-04-27', 'lunch', 444) ,
(34, 12, '2023-04-26', 'lunch', 639) ,
(35, 74, '2023-04-30', 'snack', 349) ,
(36, 28, '2023-04-26', 'lunch', 213) ,
(37, 39, '2023-04-25', 'dinner', 598) ,
(38, 79, '2023-04-28', 'breakfast', 626) ,
(39, 18, '2023-04-28', 'breakfast', 496) ,
(40, 61, '2023-04-25', 'lunch', 776) ,
(41, 10, '2023-04-25', 'breakfast', 803) ,
(42, 36, '2023-04-26', 'lunch', 643) ,
(43, 36, '2023-04-30', 'dinner', 607) ,
(44, 2, '2023-04-25', 'dinner', 973) ,
(45, 64, '2023-04-27', 'dinner', 634) ,
(46, 39, '2023-04-24', 'snack', 910) ,
(47, 9, '2023-04-24', 'breakfast', 205) ,
(48, 74, '2023-04-30', 'lunch', 195) ,
(49, 12, '2023-04-26', 'dinner', 126) ,
(50, 70, '2023-04-28', 'breakfast', 252) ,
(51, 86, '2023-04-30', 'dinner', 643) ,
(52, 66, '2023-04-25', 'lunch', 359) ,
(53, 32, '2023-04-27', 'snack', 200) ,
(54, 78, '2023-04-29', 'lunch', 657) ,
(55, 5, '2023-04-27', 'breakfast', 587) ,
(56, 60, '2023-04-30', 'dinner', 875) ,
(57, 93, '2023-04-25', 'lunch', 411) ,
(58, 79, '2023-04-25', 'lunch', 129) ,
(59, 33, '2023-04-25', 'dinner', 426) ,
(60, 12, '2023-04-28', 'breakfast', 177) ,
(61, 32, '2023-04-25', 'lunch', 929) ,
(62, 13, '2023-04-28', 'dinner', 552) ,
(63, 79, '2023-04-26', 'dinner', 973) ,
(64, 42, '2023-04-25', 'breakfast', 418) ,
(65, 43, '2023-04-27', 'snack', 268) ,
(66, 9, '2023-04-29', 'dinner', 165) ,
(67, 3, '2023-04-26', 'lunch', 536) ,
(68, 18, '2023-04-24', 'lunch', 359) ,
(69, 63, '2023-04-26', 'lunch', 223) ,
(70, 70, '2023-04-29', 'breakfast', 655) ,
(71, 79, '2023-04-24', 'snack', 866) ,
(72, 42, '2023-04-30', 'lunch', 143) ,
(73, 66, '2023-04-25', 'snack', 592) ,
(74, 21, '2023-04-26', 'breakfast', 943) ,
(75, 32, '2023-04-25', 'dinner', 741) ,
(76, 61, '2023-04-29', 'breakfast', 426) ,
(77, 25, '2023-04-30', 'dinner', 533) ,
(78, 25, '2023-04-26', 'lunch', 559) ,
(79, 35, '2023-04-30', 'lunch', 639) ,
(80, 64, '2023-04-28', 'dinner', 459) ,
(81, 61, '2023-04-26', 'breakfast', 507) ,
(82, 2, '2023-04-28', 'lunch', 309) ,
(83, 65, '2023-04-24', 'snack', 931) ,
(84, 49, '2023-04-30', 'dinner', 834) ,
(85, 60, '2023-04-26', 'breakfast', 338) ,
(86, 35, '2023-04-29', 'snack', 962) ,
(87, 30, '2023-04-27', 'lunch', 723) ,
(88, 33, '2023-04-24', 'snack', 599) ,
(89, 86, '2023-04-30', 'breakfast', 330) ,
(90, 65, '2023-04-24', 'dinner', 693) ,
(91, 28, '2023-04-25', 'dinner', 525) ,
(92, 13, '2023-04-28', 'dinner', 987) ,
(93, 42, '2023-04-25', 'breakfast', 337) ,
(94, 61, '2023-04-27', 'lunch', 233) ,
(95, 92, '2023-04-28', 'breakfast', 618) ,
(96, 51, '2023-04-24', 'snack', 794) ,
(97, 12, '2023-04-25', 'breakfast', 809) ,
(98, 86, '2023-04-27', 'dinner', 580) ,
(99, 81, '2023-04-30', 'dinner', 785) ;

INSERT INTO Exercise (exercise_id, trainee_id, date, exercise_type, duration) VALUES 
(1, 86, '2023-04-28', 'running', 11) ,
(2, 18, '2023-04-26', 'swimming', 53) ,
(3, 43, '2023-04-28', 'swimming', 12) ,
(4, 12, '2023-04-26', 'running', 36) ,
(5, 12, '2023-04-25', 'swimming', 34) ,
(6, 63, '2023-04-30', 'cycling', 59) ,
(7, 49, '2023-04-30', 'weightlifting', 44) ,
(8, 11, '2023-04-25', 'yoga', 15) ,
(9, 50, '2023-04-24', 'cycling', 60) ,
(10, 47, '2023-04-25', 'cycling', 19) ,
(11, 13, '2023-04-25', 'swimming', 12) ,
(12, 43, '2023-04-25', 'weightlifting', 29) ,
(13, 93, '2023-04-30', 'yoga', 41) ,
(14, 64, '2023-04-30', 'yoga', 49) ,
(15, 51, '2023-04-24', 'yoga', 13) ,
(16, 50, '2023-04-28', 'swimming', 45) ,
(17, 49, '2023-04-26', 'running', 17) ,
(18, 10, '2023-04-28', 'cycling', 58) ,
(19, 81, '2023-04-28', 'swimming', 14) ,
(20, 79, '2023-04-26', 'running', 20) ,
(21, 49, '2023-04-28', 'weightlifting', 31) ,
(22, 86, '2023-04-25', 'swimming', 49) ,
(23, 93, '2023-04-29', 'cycling', 50) ,
(24, 9, '2023-04-24', 'cycling', 30) ,
(25, 39, '2023-04-26', 'cycling', 37) ,
(26, 74, '2023-04-29', 'cycling', 28) ,
(27, 61, '2023-04-30', 'cycling', 40) ,
(28, 70, '2023-04-28', 'cycling', 17) ,
(29, 63, '2023-04-27', 'yoga', 31) ,
(30, 64, '2023-04-30', 'cycling', 54) ,
(31, 64, '2023-04-27', 'cycling', 14) ,
(32, 92, '2023-04-29', 'running', 15) ,
(33, 5, '2023-04-24', 'cycling', 16) ,
(34, 43, '2023-04-24', 'swimming', 17) ,
(35, 64, '2023-04-29', 'running', 31) ,
(36, 60, '2023-04-27', 'running', 45) ,
(37, 12, '2023-04-29', 'running', 51) ,
(38, 13, '2023-04-28', 'running', 45) ,
(39, 10, '2023-04-24', 'weightlifting', 37) ,
(40, 3, '2023-04-27', 'swimming', 30) ,
(41, 30, '2023-04-30', 'swimming', 58) ,
(42, 47, '2023-04-27', 'swimming', 29) ,
(43, 32, '2023-04-26', 'yoga', 52) ,
(44, 61, '2023-04-29', 'weightlifting', 56) ,
(45, 33, '2023-04-29', 'yoga', 54) ,
(46, 65, '2023-04-26', 'swimming', 36) ,
(47, 86, '2023-04-24', 'yoga', 53) ,
(48, 78, '2023-04-30', 'running', 47) ,
(49, 70, '2023-04-27', 'yoga', 42) ,
(50, 50, '2023-04-24', 'yoga', 33) ,
(51, 74, '2023-04-24', 'cycling', 49) ,
(52, 39, '2023-04-25', 'swimming', 42) ,
(53, 70, '2023-04-26', 'running', 23) ,
(54, 74, '2023-04-26', 'yoga', 50) ,
(55, 28, '2023-04-26', 'running', 44) ,
(56, 43, '2023-04-29', 'running', 56) ,
(57, 18, '2023-04-30', 'weightlifting', 54) ,
(58, 25, '2023-04-25', 'swimming', 29) ,
(59, 10, '2023-04-26', 'running', 14) ,
(60, 65, '2023-04-30', 'yoga', 50) ,
(61, 78, '2023-04-30', 'cycling', 23) ,
(62, 39, '2023-04-26', 'weightlifting', 32) ,
(63, 28, '2023-04-25', 'yoga', 41) ,
(64, 11, '2023-04-30', 'running', 24) ,
(65, 12, '2023-04-28', 'yoga', 46) ,
(66, 18, '2023-04-26', 'swimming', 19) ,
(67, 92, '2023-04-27', 'running', 18) ,
(68, 35, '2023-04-29', 'yoga', 42) ,
(69, 23, '2023-04-30', 'weightlifting', 21) ,
(70, 9, '2023-04-26', 'cycling', 10) ,
(71, 63, '2023-04-26', 'weightlifting', 22) ,
(72, 33, '2023-04-25', 'weightlifting', 37) ,
(73, 60, '2023-04-24', 'cycling', 23) ,
(74, 43, '2023-04-29', 'yoga', 25) ,
(75, 12, '2023-04-26', 'swimming', 17) ,
(76, 66, '2023-04-30', 'swimming', 25) ,
(77, 10, '2023-04-24', 'weightlifting', 52) ,
(78, 79, '2023-04-26', 'cycling', 12) ,
(79, 63, '2023-04-24', 'running', 43) ,
(80, 35, '2023-04-27', 'cycling', 56) ,
(81, 11, '2023-04-27', 'yoga', 38) ,
(82, 30, '2023-04-24', 'yoga', 45) ,
(83, 70, '2023-04-28', 'cycling', 42) ,
(84, 36, '2023-04-26', 'weightlifting', 25) ,
(85, 11, '2023-04-24', 'yoga', 36) ,
(86, 3, '2023-04-25', 'cycling', 24) ,
(87, 66, '2023-04-30', 'swimming', 44) ,
(88, 25, '2023-04-29', 'swimming', 32) ,
(89, 65, '2023-04-24', 'running', 21) ,
(90, 2, '2023-04-28', 'running', 34) ,
(91, 60, '2023-04-26', 'yoga', 56) ,
(92, 35, '2023-04-24', 'running', 50) ,
(93, 92, '2023-04-27', 'weightlifting', 26) ,
(94, 86, '2023-04-28', 'cycling', 24) ,
(95, 36, '2023-04-26', 'yoga', 21) ,
(96, 25, '2023-04-30', 'cycling', 54) ,
(97, 30, '2023-04-26', 'yoga', 47) ,
(98, 79, '2023-04-25', 'swimming', 16) ,
(99, 92, '2023-04-29', 'swimming', 24) ;

INSERT INTO Diet_Plan (plan_id, trainee_id, start_date, end_date, plan_description) VALUES 
(1, 2, '2023-05-07', '2023-05-09', 'Star film pick wish ask according top.\nAway music use agreement difference. Note various education decide. Wall range I stage use social.\nDegree big face story staff.') ,
(2, 3, '2023-05-02', '2023-05-19', 'Thank sometimes success feel. Order tax something commercial someone bar. Employee product matter business bag.') ,
(3, 5, '2023-05-03', '2023-05-09', 'Expect inside radio world. Drop important develop he opportunity the necessary. Lot each without player compare popular on number.') ,
(4, 9, '2023-05-06', '2023-05-16', 'Smile magazine performance study. East thousand population.\nSkin few ten staff maintain view arrive. Name protect race.') ,
(5, 10, '2023-05-01', '2023-05-26', 'Century rich understand interesting sound important son. Should purpose open wonder well respond.\nFirst lay government figure second let science. Force Mrs reality figure somebody hundred.') ,
(6, 11, '2023-05-06', '2023-05-16', 'Film over sport evening what air election. Movie available population. Threat specific no any.\nYour heart lot answer ago. They father young room really loss condition.') ,
(7, 12, '2023-05-06', '2023-05-28', 'Western generation sign month board. Performance trade seem how administration upon.\nAssume take performance into. Collection inside be suffer specific person response. Site many similar ten usually.') ,
(8, 13, '2023-05-04', '2023-05-11', 'Perform buy shake feeling answer idea. One give question gun. Republican argue dog well.\nVote issue old station media ahead add. Set treat stay of.') ,
(9, 18, '2023-05-01', '2023-05-14', 'Energy phone you other. And story because surface win memory past.\nUse position maintain president plant. Debate argue federal interesting.') ,
(10, 21, '2023-05-03', '2023-05-13', 'Street collection outside explain.\nBed machine thought policy listen.\nPlay recognize window field bit book. Win reach listen security for.') ,
(11, 23, '2023-05-03', '2023-05-13', 'Wrong structure reason special wear. Number plant body small watch.\nHard speech job cup onto. Rock huge north fish serious collection. Instead director four early.') ,
(12, 25, '2023-05-07', '2023-05-14', 'Society appear reflect his wait yourself often. Reflect painting behind use amount throw.\nEvent seven figure a front enough write tree. Must recognize memory wind shake. Manage land plan.') ,
(13, 28, '2023-05-01', '2023-05-27', 'Together everybody like grow media image kitchen. Executive stock college matter series social simple similar. Type something fight.') ,
(14, 30, '2023-05-05', '2023-05-28', 'Idea actually finish including police. Short again town really.') ,
(15, 32, '2023-05-05', '2023-05-24', 'Brother design sign record thought. Ball contain between future.\nCover year fund fear new power politics nation. Cultural to until spring difficult information shake. Clear those big what.') ,
(16, 33, '2023-05-07', '2023-05-11', 'Ahead really table kitchen light.\nUs check beyond happen care born position.\nBetween between move air most position. Expect lay hour action particular operation identify.') ,
(17, 35, '2023-05-01', '2023-05-09', 'Yes talk loss Republican edge or live. Few often rest region.\nWhole guess stuff admit will wide. Magazine it guess worry fact speech. Pass agent nature family go.') ,
(18, 36, '2023-05-01', '2023-05-30', 'President real rise store factor contain. Production something mission act large. Country real identify particularly discussion medical into.') ,
(19, 39, '2023-05-06', '2023-05-12', 'Together these down report ago indeed international believe. Beat change happen range never rest.\nMatter success spring media claim least.') ,
(20, 42, '2023-05-02', '2023-05-22', 'Like meet others dream risk most consumer better. Job number sea building always billion sort. Cover unit wall cultural.\nSeason relationship day. Reveal face soldier.') ,
(21, 43, '2023-05-01', '2023-05-16', 'National couple their toward. Coach walk foreign employee player.\nPurpose protect both specific type base yourself tree. From bit bit season between hold throw. Know probably standard identify bar.') ,
(22, 47, '2023-05-07', '2023-05-25', 'Which test prevent buy. Score there stand child.\nSame learn mouth everything learn involve lead play. Throw fire standard suggest city throw lay.') ,
(23, 49, '2023-05-01', '2023-05-27', 'City short avoid they we. The season simple our near my. Safe under dark while artist.\nDifferent course call story pass television. Exactly charge rest perform in sign. Whose how glass media set.') ,
(24, 50, '2023-05-04', '2023-05-28', 'Total deep west view start behavior performance.\nAccording shake image apply debate true pattern. Young mouth support pay age high society.') ,
(25, 51, '2023-05-05', '2023-05-26', 'Tonight buy size purpose certainly. Key involve senior woman sister herself above writer. Space dark whom owner political. International media protect.') ,
(26, 60, '2023-05-06', '2023-05-14', 'Else fly point. President public worry low find.\nCentury piece down another group act pay. Religious similar set focus ground. Imagine place section drive lose spend detail.') ,
(27, 61, '2023-05-03', '2023-05-13', 'Support girl future manager economy drug. Case anything certainly performance bad policy. Yes property travel watch again. Human PM represent a.') ,
(28, 63, '2023-05-03', '2023-05-22', 'Six argue executive lose sound soldier political. Though organization thus newspaper family manager.\nMinute occur buy to defense. Officer agree gas who eight.') ,
(29, 64, '2023-05-02', '2023-05-13', 'Traditional along appear analysis available. Enter music discussion toward follow.\nFoot suffer after military there Democrat arrive grow. At series push high. Skin record over nature.') ,
(30, 65, '2023-05-04', '2023-05-19', 'What school black why. Sister stage teach bag bed by.\nLeave enjoy study western send someone kind modern. Through easy fund because individual anyone. Quality stage now red view place source test.') ,
(31, 66, '2023-05-04', '2023-05-08', 'Fear certainly series level nature physical name. Foot perhaps nothing feeling yet couple. Movie probably no director drug main smile. Capital energy position might somebody very.') ,
(32, 70, '2023-05-03', '2023-05-22', 'Student age attorney share everybody operation. Individual either why reveal political exist. Him space between vote else power.') ,
(33, 74, '2023-05-02', '2023-05-11', 'Executive inside hope structure hair hair American. Want ask occur as kitchen plan knowledge. Pm not executive least open. Speak keep Republican finally.\nAudience series themselves whom.') ,
(34, 78, '2023-05-02', '2023-05-23', 'Section push decade senior usually to. Growth sound recently. Mouth imagine weight.\nLarge threat admit be. Body yourself wind interesting market moment.\nDegree national three research operation.') ,
(35, 79, '2023-05-02', '2023-05-23', 'City imagine guess later.\nCompare loss watch state. Above as result else know itself per. Movement manager program receive.') ,
(36, 81, '2023-05-07', '2023-05-08', 'Too though audience even wait save. Must police key happy clearly. Brother positive data or wife. Along public teacher.\nSpend peace chance left. Sister fish from drug.') ,
(37, 86, '2023-05-04', '2023-05-21', 'Identify finish mouth hospital end whether since pick. Instead capital main you cut. Right group plant economic.\nThey product without four. From cell class.') ,
(38, 92, '2023-05-05', '2023-05-29', 'Leg figure north present note raise several. Growth in however woman interest seven religious.\nOld Mrs hard door then next. War onto indicate look. Until many dinner big girl.') ,
(39, 93, '2023-05-02', '2023-05-27', 'Letter pressure entire budget represent space people. Up young call may.\nReport much kind officer. Black computer involve challenge start opportunity. Staff dream view add growth art.') ;

INSERT INTO Exercise_Plan (plan_id, trainee_id, start_date, end_date, plan_description) VALUES 
(1, 2, '2023-05-01', '2023-05-25', 'Hear off identify trial central find use. Everybody himself resource attack write your. Executive glass maintain staff.\nHimself apply official personal cover and once. Candidate easy clear the.') ,
(2, 3, '2023-05-01', '2023-05-18', 'Throw officer test experience amount. Enough surface box guess market.') ,
(3, 5, '2023-05-05', '2023-05-12', 'Fine type forward talk method child once establish. Note station very color. Mrs offer person method.\nInvolve behind really our gun owner. Two standard politics indicate tough thank wrong.') ,
(4, 9, '2023-05-03', '2023-05-12', 'Mission see world civil page turn community. Rate help relate job guy. Moment realize century manager.') ,
(5, 10, '2023-05-01', '2023-05-11', 'Nation place exactly establish sell moment let. Key source election space enter performance. Least others official check factor.') ,
(6, 11, '2023-05-05', '2023-05-30', 'Nature line side pass. Player think student east camera. Prove bit court edge.\nTake property for although. Out our production two rock forward serious.') ,
(7, 12, '2023-05-06', '2023-05-21', 'Really wife kind step themselves save. Soon building name hand.\nBar article these assume allow per last. Item determine peace paper local place.') ,
(8, 13, '2023-05-05', '2023-05-16', 'Significant card official I least hundred major. Game above around goal culture heavy.') ,
(9, 18, '2023-05-02', '2023-05-16', 'Necessary responsibility everyone whole green reach bring much. Program establish truth authority. Theory attack country situation foot like.') ,
(10, 21, '2023-05-03', '2023-05-08', 'Where student country include. Traditional to easy. Care chance price voice. Task article see change it year be.') ,
(11, 23, '2023-05-01', '2023-05-12', 'Gas American remain north. Involve put evidence since still require. Cultural safe hotel interest issue.') ,
(12, 25, '2023-05-04', '2023-05-30', 'Close number police. Majority city life address discussion once. Fly change join responsibility series radio various record.\nTrue vote enter society bit.') ,
(13, 28, '2023-05-04', '2023-05-16', 'Identify ready left structure. Body talk tend whole.\nCentury report unit deal never late.') ,
(14, 30, '2023-05-04', '2023-05-24', 'Article focus expert sound win prepare past. City remember natural treatment me anyone.\nStock minute fill agency have. But space collection realize.') ,
(15, 32, '2023-05-01', '2023-05-12', 'Later ability now firm could. Even inside let quality face war. Physical any three mission price pretty seek.') ,
(16, 33, '2023-05-01', '2023-05-12', 'So behind voice attention. About region have receive western model. Remain culture about stand let.\nSmall benefit show half. Out black project southern speech fill.') ,
(17, 35, '2023-05-03', '2023-05-22', 'Pull early stage should miss hour. Impact speak boy its. Defense organization less administration role. Task out vote in.') ,
(18, 36, '2023-05-02', '2023-05-23', 'Computer purpose almost their bag since I. Opportunity Mrs want seat whom.\nPresent computer firm team. Above first according successful side case them.') ,
(19, 39, '2023-05-05', '2023-05-08', 'That case whom kind benefit series wife. Investment firm instead same share hope whether hear. Woman record maybe gas region space PM.') ,
(20, 42, '2023-05-04', '2023-05-19', 'Ready admit account opportunity position. Possible similar firm summer degree teach either. Force bed source on speech operation task.') ,
(21, 43, '2023-05-04', '2023-05-16', 'Yeah claim follow four. Business understand change activity detail whose gas population. Long argue international easy accept.\nArrive sing throw live.') ,
(22, 47, '2023-05-07', '2023-05-29', 'Myself item far business style stay former quite. Thing case young try between even usually. Speak century they ball family. Stay ball others too huge clearly reach language.') ,
(23, 49, '2023-05-01', '2023-05-16', 'Animal air across until glass some political without. Fly property chair traditional rate main see. Best hotel fine continue nice memory.') ,
(24, 50, '2023-05-07', '2023-05-27', 'Open else series fear in away month. Keep he avoid goal.\nBuy read opportunity market. Right decide city nation remember produce.') ,
(25, 51, '2023-05-06', '2023-05-12', 'System turn radio husband hear. Not base reduce area table campaign institution majority. Budget tell energy old.\nChance prepare side actually blue talk bed. Think situation white amount place.') ,
(26, 60, '2023-05-02', '2023-05-26', 'Capital sit choose out. See light onto individual. Community adult only nor.\nOn city fact identify professor TV. Might cultural draw other them exactly. Move listen writer seat.') ,
(27, 61, '2023-05-06', '2023-05-11', 'Over major lose. Change difficult everyone six teach.\nSkill improve story not grow project put. Relate instead boy film recognize.') ,
(28, 63, '2023-05-06', '2023-05-18', 'Other treatment matter life law score bed. Sound sell professional admit at.') ,
(29, 64, '2023-05-03', '2023-05-28', 'Chance four off staff energy. Water color admit.\nSupport order now manager. Modern myself war team individual television in. Treatment pretty into society way.') ,
(30, 65, '2023-05-05', '2023-05-20', 'Baby control buy weight above moment yet least. Use that represent protect sometimes traditional story. Computer may drop camera study. View have song president.') ,
(31, 66, '2023-05-04', '2023-05-14', 'Start result close describe short not. Decade possible note physical quite. Herself herself plan stage.\nMember somebody Congress. From oil vote or role war five.') ,
(32, 70, '2023-05-07', '2023-05-29', 'Until argue professional truth animal. Last scene but seven what what sure. Threat seven population.') ,
(33, 74, '2023-05-02', '2023-05-18', 'Else second join.\nLocal finally form gas fund. Play help key goal middle put role. Central response issue. Sometimes sport appear necessary public message.') ,
(34, 78, '2023-05-03', '2023-05-10', 'Describe military main others. Air onto standard again.\nHit fall sell reality bit car. Book purpose establish director. Role fire gas wait.') ,
(35, 79, '2023-05-05', '2023-05-28', 'Such little raise respond great full. Box think language today catch. Including information degree. Business law happen option.') ,
(36, 81, '2023-05-02', '2023-05-23', 'Summer travel campaign allow. Theory bring enough. Environmental politics body actually east suggest should.\nBank car more you. Form race level performance me there consumer.') ,
(37, 86, '2023-05-07', '2023-05-16', 'Young focus concern religious close. Film far exactly manager heart. Choice to old.\nWithout base option nation anything seem person. True goal tough whole require change cut.') ,
(38, 92, '2023-05-06', '2023-05-30', 'Rate include economic. Seek general actually cell. Economic culture impact.\nLine pull a including head deep. Indicate natural effort able piece.\nBreak describe pull concern. Ground avoid kind blue.') ,
(39, 93, '2023-05-04', '2023-05-13', 'Blue debate political draw decide already me. Year small control artist top.\nYard someone yard resource ok. Close reflect hot radio safe side. Hard season way under leave special where civil.') ;
